,Params,Values,Errors
0,C,3.562853299750361e-29,5.003164175055447e-28
1,Beta,1.3862990231995804,0.5249711543081828
2,T,28.889767105234696,6.274955587782562
3,chi_2,0.0016889136202614403,
